101,H00211
102,H00211
103,H00211
104,H00211
105,H00211
106,H00211
107,H00211
108,H00211
109,H00211
110,H00211
201,H00211
202,H00211
203,H00211
204,H00211
205,H00211
206,H00211
207,H00211
208,H00211
209,H00211
210,H00211
301,H00211
302,H00211
303,H00211
304,H00211
305,H00211
306,H00211
307,H00211
308,H00211
309,H00211
310,H00211
101,H00212
102,H00212
103,H00212
104,H00212
105,H00212
106,H00212
107,H00212
108,H00212
109,H00212
110,H00212
201,H00212
202,H00212
203,H00212
204,H00212
205,H00212
206,H00212
207,H00212
208,H00212
209,H00212
210,H00212
301,H00212
302,H00212
303,H00212
304,H00212
305,H00212
306,H00212
307,H00212
308,H00212
309,H00212
310,H00212
101,H00214
102,H00214
103,H00214
104,H00214
105,H00214
106,H00214
107,H00214
108,H00214
109,H00214
110,H00214
201,H00214
202,H00214
203,H00214
204,H00214
205,H00214
206,H00214
207,H00214
208,H00214
209,H00214
210,H00214
301,H00214
302,H00214
303,H00214
304,H00214
305,H00214
306,H00214
307,H00214
308,H00214
309,H00214
310,H00214
101,H00220
102,H00220
103,H00220
104,H00220
105,H00220
106,H00220
107,H00220
108,H00220
109,H00220
110,H00220
201,H00220
202,H00220
203,H00220
204,H00220
205,H00220
206,H00220
207,H00220
208,H00220
209,H00220
210,H00220
301,H00220
302,H00220
303,H00220
304,H00220
305,H00220
306,H00220
307,H00220
308,H00220
309,H00220
310,H00220
101,H00221
102,H00221
103,H00221
104,H00221
105,H00221
106,H00221
107,H00221
108,H00221
109,H00221
110,H00221
201,H00221
202,H00221
203,H00221
204,H00221
205,H00221
206,H00221
207,H00221
208,H00221
209,H00221
210,H00221
301,H00221
302,H00221
303,H00221
304,H00221
305,H00221
306,H00221
307,H00221
308,H00221
309,H00221
310,H00221
101,H00222
102,H00222
103,H00222
104,H00222
105,H00222
106,H00222
107,H00222
108,H00222
109,H00222
110,H00222
201,H00222
202,H00222
203,H00222
204,H00222
205,H00222
206,H00222
207,H00222
208,H00222
209,H00222
210,H00222
301,H00222
302,H00222
303,H00222
304,H00222
305,H00222
306,H00222
307,H00222
308,H00222
309,H00222
310,H00222
101,H00223
102,H00223
103,H00223
104,H00223
105,H00223
106,H00223
107,H00223
108,H00223
109,H00223
110,H00223
201,H00223
202,H00223
203,H00223
204,H00223
205,H00223
206,H00223
207,H00223
208,H00223
209,H00223
210,H00223
301,H00223
302,H00223
303,H00223
304,H00223
305,H00223
306,H00223
307,H00223
308,H00223
309,H00223
310,H00223
101,H00224
102,H00224
103,H00224
104,H00224
105,H00224
106,H00224
107,H00224
108,H00224
109,H00224
110,H00224
201,H00224
202,H00224
203,H00224
204,H00224
205,H00224
206,H00224
207,H00224
208,H00224
209,H00224
210,H00224
301,H00224
302,H00224
303,H00224
304,H00224
305,H00224
306,H00224
307,H00224
308,H00224
309,H00224
310,H00224
101,H00227
102,H00227
103,H00227
104,H00227
105,H00227
106,H00227
107,H00227
108,H00227
109,H00227
110,H00227
201,H00227
202,H00227
203,H00227
204,H00227
205,H00227
206,H00227
207,H00227
208,H00227
209,H00227
210,H00227
301,H00227
302,H00227
303,H00227
304,H00227
305,H00227
306,H00227
307,H00227
308,H00227
309,H00227
310,H00227
101,H00132
102,H00132
103,H00132
104,H00132
105,H00132
106,H00132
107,H00132
108,H00132
109,H00132
110,H00132
201,H00132
202,H00132
203,H00132
204,H00132
205,H00132
206,H00132
207,H00132
208,H00132
209,H00132
210,H00132
301,H00132
302,H00132
303,H00132
304,H00132
305,H00132
306,H00132
307,H00132
308,H00132
309,H00132
310,H00132
101,H00133
102,H00133
103,H00133
104,H00133
105,H00133
106,H00133
107,H00133
108,H00133
109,H00133
110,H00133
201,H00133
202,H00133
203,H00133
204,H00133
205,H00133
206,H00133
207,H00133
208,H00133
209,H00133
210,H00133
301,H00133
302,H00133
303,H00133
304,H00133
305,H00133
306,H00133
307,H00133
308,H00133
309,H00133
310,H00133
101,H00134
102,H00134
103,H00134
104,H00134
105,H00134
106,H00134
107,H00134
108,H00134
109,H00134
110,H00134
201,H00134
202,H00134
203,H00134
204,H00134
205,H00134
206,H00134
207,H00134
208,H00134
209,H00134
210,H00134
301,H00134
302,H00134
303,H00134
304,H00134
305,H00134
306,H00134
307,H00134
308,H00134
309,H00134
310,H00134
101,H00135
102,H00135
103,H00135
104,H00135
105,H00135
106,H00135
107,H00135
108,H00135
109,H00135
110,H00135
201,H00135
202,H00135
203,H00135
204,H00135
205,H00135
206,H00135
207,H00135
208,H00135
209,H00135
210,H00135
301,H00135
302,H00135
303,H00135
304,H00135
305,H00135
306,H00135
307,H00135
308,H00135
309,H00135
310,H00135
101,H00136
102,H00136
103,H00136
104,H00136
105,H00136
106,H00136
107,H00136
108,H00136
109,H00136
110,H00136
201,H00136
202,H00136
203,H00136
204,H00136
205,H00136
206,H00136
207,H00136
208,H00136
209,H00136
210,H00136
301,H00136
302,H00136
303,H00136
304,H00136
305,H00136
306,H00136
307,H00136
308,H00136
309,H00136
310,H00136
101,H00139
102,H00139
103,H00139
104,H00139
105,H00139
106,H00139
107,H00139
108,H00139
109,H00139
110,H00139
201,H00139
202,H00139
203,H00139
204,H00139
205,H00139
206,H00139
207,H00139
208,H00139
209,H00139
210,H00139
301,H00139
302,H00139
303,H00139
304,H00139
305,H00139
306,H00139
307,H00139
308,H00139
309,H00139
310,H00139
101,H00140
102,H00140
103,H00140
104,H00140
105,H00140
106,H00140
107,H00140
108,H00140
109,H00140
110,H00140
201,H00140
202,H00140
203,H00140
204,H00140
205,H00140
206,H00140
207,H00140
208,H00140
209,H00140
210,H00140
301,H00140
302,H00140
303,H00140
304,H00140
305,H00140
306,H00140
307,H00140
308,H00140
309,H00140
310,H00140
101,H00141
102,H00141
103,H00141
104,H00141
105,H00141
106,H00141
107,H00141
108,H00141
109,H00141
110,H00141
201,H00141
202,H00141
203,H00141
204,H00141
205,H00141
206,H00141
207,H00141
208,H00141
209,H00141
210,H00141
301,H00141
302,H00141
303,H00141
304,H00141
305,H00141
306,H00141
307,H00141
308,H00141
309,H00141
310,H00141
101,H00142
102,H00142
103,H00142
104,H00142
105,H00142
106,H00142
107,H00142
108,H00142
109,H00142
110,H00142
201,H00142
202,H00142
203,H00142
204,H00142
205,H00142
206,H00142
207,H00142
208,H00142
209,H00142
210,H00142
301,H00142
302,H00142
303,H00142
304,H00142
305,H00142
306,H00142
307,H00142
308,H00142
309,H00142
310,H00142
101,H00143
102,H00143
103,H00143
104,H00143
105,H00143
106,H00143
107,H00143
108,H00143
109,H00143
110,H00143
201,H00143
202,H00143
203,H00143
204,H00143
205,H00143
206,H00143
207,H00143
208,H00143
209,H00143
210,H00143
301,H00143
302,H00143
303,H00143
304,H00143
305,H00143
306,H00143
307,H00143
308,H00143
309,H00143
310,H00143
101,H00144
102,H00144
103,H00144
104,H00144
105,H00144
106,H00144
107,H00144
108,H00144
109,H00144
110,H00144
201,H00144
202,H00144
203,H00144
204,H00144
205,H00144
206,H00144
207,H00144
208,H00144
209,H00144
210,H00144
301,H00144
302,H00144
303,H00144
304,H00144
305,H00144
306,H00144
307,H00144
308,H00144
309,H00144
310,H00144
101,H00145
102,H00145
103,H00145
104,H00145
105,H00145
106,H00145
107,H00145
108,H00145
109,H00145
110,H00145
201,H00145
202,H00145
203,H00145
204,H00145
205,H00145
206,H00145
207,H00145
208,H00145
209,H00145
210,H00145
301,H00145
302,H00145
303,H00145
304,H00145
305,H00145
306,H00145
307,H00145
308,H00145
309,H00145
310,H00145
101,H00131
102,H00131
103,H00131
104,H00131
105,H00131
106,H00131
107,H00131
108,H00131
109,H00131
110,H00131
201,H00131
202,H00131
203,H00131
204,H00131
205,H00131
206,H00131
207,H00131
208,H00131
209,H00131
210,H00131
301,H00131
302,H00131
303,H00131
304,H00131
305,H00131
306,H00131
307,H00131
308,H00131
309,H00131
310,H00131
101,H00152
102,H00152
103,H00152
104,H00152
105,H00152
106,H00152
107,H00152
108,H00152
109,H00152
110,H00152
201,H00152
202,H00152
203,H00152
204,H00152
205,H00152
206,H00152
207,H00152
208,H00152
209,H00152
210,H00152
301,H00152
302,H00152
303,H00152
304,H00152
305,H00152
306,H00152
307,H00152
308,H00152
309,H00152
310,H00152
101,H00153
102,H00153
103,H00153
104,H00153
105,H00153
106,H00153
107,H00153
108,H00153
109,H00153
110,H00153
201,H00153
202,H00153
203,H00153
204,H00153
205,H00153
206,H00153
207,H00153
208,H00153
209,H00153
210,H00153
301,H00153
302,H00153
303,H00153
304,H00153
305,H00153
306,H00153
307,H00153
308,H00153
309,H00153
310,H00153
101,H00156
102,H00156
103,H00156
104,H00156
105,H00156
106,H00156
107,H00156
108,H00156
109,H00156
110,H00156
201,H00156
202,H00156
203,H00156
204,H00156
205,H00156
206,H00156
207,H00156
208,H00156
209,H00156
210,H00156
301,H00156
302,H00156
303,H00156
304,H00156
305,H00156
306,H00156
307,H00156
308,H00156
309,H00156
310,H00156
101,H00159
102,H00159
103,H00159
104,H00159
105,H00159
106,H00159
107,H00159
108,H00159
109,H00159
110,H00159
201,H00159
202,H00159
203,H00159
204,H00159
205,H00159
206,H00159
207,H00159
208,H00159
209,H00159
210,H00159
301,H00159
302,H00159
303,H00159
304,H00159
305,H00159
306,H00159
307,H00159
308,H00159
309,H00159
310,H00159
101,H00017
102,H00017
103,H00017
104,H00017
105,H00017
106,H00017
107,H00017
108,H00017
109,H00017
110,H00017
201,H00017
202,H00017
203,H00017
204,H00017
205,H00017
206,H00017
207,H00017
208,H00017
209,H00017
210,H00017
301,H00017
302,H00017
303,H00017
304,H00017
305,H00017
306,H00017
307,H00017
308,H00017
309,H00017
310,H00017
101,H00202
102,H00202
103,H00202
104,H00202
105,H00202
106,H00202
107,H00202
108,H00202
109,H00202
110,H00202
201,H00202
202,H00202
203,H00202
204,H00202
205,H00202
206,H00202
207,H00202
208,H00202
209,H00202
210,H00202
301,H00202
302,H00202
303,H00202
304,H00202
305,H00202
306,H00202
307,H00202
308,H00202
309,H00202
310,H00202
101,H00063
102,H00063
103,H00063
104,H00063
105,H00063
106,H00063
107,H00063
108,H00063
109,H00063
110,H00063
201,H00063
202,H00063
203,H00063
204,H00063
205,H00063
206,H00063
207,H00063
208,H00063
209,H00063
210,H00063
301,H00063
302,H00063
303,H00063
304,H00063
305,H00063
306,H00063
307,H00063
308,H00063
309,H00063
310,H00063
101,H00070
102,H00070
103,H00070
104,H00070
105,H00070
106,H00070
107,H00070
108,H00070
109,H00070
110,H00070
201,H00070
202,H00070
203,H00070
204,H00070
205,H00070
206,H00070
207,H00070
208,H00070
209,H00070
210,H00070
301,H00070
302,H00070
303,H00070
304,H00070
305,H00070
306,H00070
307,H00070
308,H00070
309,H00070
310,H00070
101,H00075
102,H00075
103,H00075
104,H00075
105,H00075
106,H00075
107,H00075
108,H00075
109,H00075
110,H00075
201,H00075
202,H00075
203,H00075
204,H00075
205,H00075
206,H00075
207,H00075
208,H00075
209,H00075
210,H00075
301,H00075
302,H00075
303,H00075
304,H00075
305,H00075
306,H00075
307,H00075
308,H00075
309,H00075
310,H00075
101,H00076
102,H00076
103,H00076
104,H00076
105,H00076
106,H00076
107,H00076
108,H00076
109,H00076
110,H00076
201,H00076
202,H00076
203,H00076
204,H00076
205,H00076
206,H00076
207,H00076
208,H00076
209,H00076
210,H00076
301,H00076
302,H00076
303,H00076
304,H00076
305,H00076
306,H00076
307,H00076
308,H00076
309,H00076
310,H00076
101,H00077
102,H00077
103,H00077
104,H00077
105,H00077
106,H00077
107,H00077
108,H00077
109,H00077
110,H00077
201,H00077
202,H00077
203,H00077
204,H00077
205,H00077
206,H00077
207,H00077
208,H00077
209,H00077
210,H00077
301,H00077
302,H00077
303,H00077
304,H00077
305,H00077
306,H00077
307,H00077
308,H00077
309,H00077
310,H00077
101,H00091
102,H00091
103,H00091
104,H00091
105,H00091
106,H00091
107,H00091
108,H00091
109,H00091
110,H00091
201,H00091
202,H00091
203,H00091
204,H00091
205,H00091
206,H00091
207,H00091
208,H00091
209,H00091
210,H00091
301,H00091
302,H00091
303,H00091
304,H00091
305,H00091
306,H00091
307,H00091
308,H00091
309,H00091
310,H00091
101,H00092
102,H00092
103,H00092
104,H00092
105,H00092
106,H00092
107,H00092
108,H00092
109,H00092
110,H00092
201,H00092
202,H00092
203,H00092
204,H00092
205,H00092
206,H00092
207,H00092
208,H00092
209,H00092
210,H00092
301,H00092
302,H00092
303,H00092
304,H00092
305,H00092
306,H00092
307,H00092
308,H00092
309,H00092
310,H00092
101,H00093
102,H00093
103,H00093
104,H00093
105,H00093
106,H00093
107,H00093
108,H00093
109,H00093
110,H00093
201,H00093
202,H00093
203,H00093
204,H00093
205,H00093
206,H00093
207,H00093
208,H00093
209,H00093
210,H00093
301,H00093
302,H00093
303,H00093
304,H00093
305,H00093
306,H00093
307,H00093
308,H00093
309,H00093
310,H00093
101,H00094
102,H00094
103,H00094
104,H00094
105,H00094
106,H00094
107,H00094
108,H00094
109,H00094
110,H00094
201,H00094
202,H00094
203,H00094
204,H00094
205,H00094
206,H00094
207,H00094
208,H00094
209,H00094
210,H00094
301,H00094
302,H00094
303,H00094
304,H00094
305,H00094
306,H00094
307,H00094
308,H00094
309,H00094
310,H00094
101,H00095
102,H00095
103,H00095
104,H00095
105,H00095
106,H00095
107,H00095
108,H00095
109,H00095
110,H00095
201,H00095
202,H00095
203,H00095
204,H00095
205,H00095
206,H00095
207,H00095
208,H00095
209,H00095
210,H00095
301,H00095
302,H00095
303,H00095
304,H00095
305,H00095
306,H00095
307,H00095
308,H00095
309,H00095
310,H00095
101,H00097
102,H00097
103,H00097
104,H00097
105,H00097
106,H00097
107,H00097
108,H00097
109,H00097
110,H00097
201,H00097
202,H00097
203,H00097
204,H00097
205,H00097
206,H00097
207,H00097
208,H00097
209,H00097
210,H00097
301,H00097
302,H00097
303,H00097
304,H00097
305,H00097
306,H00097
307,H00097
308,H00097
309,H00097
310,H00097
101,H00098
102,H00098
103,H00098
104,H00098
105,H00098
106,H00098
107,H00098
108,H00098
109,H00098
110,H00098
201,H00098
202,H00098
203,H00098
204,H00098
205,H00098
206,H00098
207,H00098
208,H00098
209,H00098
210,H00098
301,H00098
302,H00098
303,H00098
304,H00098
305,H00098
306,H00098
307,H00098
308,H00098
309,H00098
310,H00098
101,H00099
102,H00099
103,H00099
104,H00099
105,H00099
106,H00099
107,H00099
108,H00099
109,H00099
110,H00099
201,H00099
202,H00099
203,H00099
204,H00099
205,H00099
206,H00099
207,H00099
208,H00099
209,H00099
210,H00099
301,H00099
302,H00099
303,H00099
304,H00099
305,H00099
306,H00099
307,H00099
308,H00099
309,H00099
310,H00099
101,H00100
102,H00100
103,H00100
104,H00100
105,H00100
106,H00100
107,H00100
108,H00100
109,H00100
110,H00100
201,H00100
202,H00100
203,H00100
204,H00100
205,H00100
206,H00100
207,H00100
208,H00100
209,H00100
210,H00100
301,H00100
302,H00100
303,H00100
304,H00100
305,H00100
306,H00100
307,H00100
308,H00100
309,H00100
310,H00100
101,H00101
102,H00101
103,H00101
104,H00101
105,H00101
106,H00101
107,H00101
108,H00101
109,H00101
110,H00101
201,H00101
202,H00101
203,H00101
204,H00101
205,H00101
206,H00101
207,H00101
208,H00101
209,H00101
210,H00101
301,H00101
302,H00101
303,H00101
304,H00101
305,H00101
306,H00101
307,H00101
308,H00101
309,H00101
310,H00101
101,H00102
102,H00102
103,H00102
104,H00102
105,H00102
106,H00102
107,H00102
108,H00102
109,H00102
110,H00102
201,H00102
202,H00102
203,H00102
204,H00102
205,H00102
206,H00102
207,H00102
208,H00102
209,H00102
210,H00102
301,H00102
302,H00102
303,H00102
304,H00102
305,H00102
306,H00102
307,H00102
308,H00102
309,H00102
310,H00102
101,H00103
102,H00103
103,H00103
104,H00103
105,H00103
106,H00103
107,H00103
108,H00103
109,H00103
110,H00103
201,H00103
202,H00103
203,H00103
204,H00103
205,H00103
206,H00103
207,H00103
208,H00103
209,H00103
210,H00103
301,H00103
302,H00103
303,H00103
304,H00103
305,H00103
306,H00103
307,H00103
308,H00103
309,H00103
310,H00103
101,H00104
102,H00104
103,H00104
104,H00104
105,H00104
106,H00104
107,H00104
108,H00104
109,H00104
110,H00104
201,H00104
202,H00104
203,H00104
204,H00104
205,H00104
206,H00104
207,H00104
208,H00104
209,H00104
210,H00104
301,H00104
302,H00104
303,H00104
304,H00104
305,H00104
306,H00104
307,H00104
308,H00104
309,H00104
310,H00104
101,H00105
102,H00105
103,H00105
104,H00105
105,H00105
106,H00105
107,H00105
108,H00105
109,H00105
110,H00105
201,H00105
202,H00105
203,H00105
204,H00105
205,H00105
206,H00105
207,H00105
208,H00105
209,H00105
210,H00105
301,H00105
302,H00105
303,H00105
304,H00105
305,H00105
306,H00105
307,H00105
308,H00105
309,H00105
310,H00105
101,H00934
102,H00934
103,H00934
104,H00934
105,H00934
106,H00934
107,H00934
108,H00934
109,H00934
110,H00934
201,H00934
202,H00934
203,H00934
204,H00934
205,H00934
206,H00934
207,H00934
208,H00934
209,H00934
210,H00934
301,H00934
302,H00934
303,H00934
304,H00934
305,H00934
306,H00934
307,H00934
308,H00934
309,H00934
310,H00934
101,H00936
102,H00936
103,H00936
104,H00936
105,H00936
106,H00936
107,H00936
108,H00936
109,H00936
110,H00936
201,H00936
202,H00936
203,H00936
204,H00936
205,H00936
206,H00936
207,H00936
208,H00936
209,H00936
210,H00936
301,H00936
302,H00936
303,H00936
304,H00936
305,H00936
306,H00936
307,H00936
308,H00936
309,H00936
310,H00936
101,H00171
102,H00171
103,H00171
104,H00171
105,H00171
106,H00171
107,H00171
108,H00171
109,H00171
110,H00171
201,H00171
202,H00171
203,H00171
204,H00171
205,H00171
206,H00171
207,H00171
208,H00171
209,H00171
210,H00171
301,H00171
302,H00171
303,H00171
304,H00171
305,H00171
306,H00171
307,H00171
308,H00171
309,H00171
310,H00171
101,H00172
102,H00172
103,H00172
104,H00172
105,H00172
106,H00172
107,H00172
108,H00172
109,H00172
110,H00172
201,H00172
202,H00172
203,H00172
204,H00172
205,H00172
206,H00172
207,H00172
208,H00172
209,H00172
210,H00172
301,H00172
302,H00172
303,H00172
304,H00172
305,H00172
306,H00172
307,H00172
308,H00172
309,H00172
310,H00172
101,H00173
102,H00173
103,H00173
104,H00173
105,H00173
106,H00173
107,H00173
108,H00173
109,H00173
110,H00173
201,H00173
202,H00173
203,H00173
204,H00173
205,H00173
206,H00173
207,H00173
208,H00173
209,H00173
210,H00173
301,H00173
302,H00173
303,H00173
304,H00173
305,H00173
306,H00173
307,H00173
308,H00173
309,H00173
310,H00173
101,H00174
102,H00174
103,H00174
104,H00174
105,H00174
106,H00174
107,H00174
108,H00174
109,H00174
110,H00174
201,H00174
202,H00174
203,H00174
204,H00174
205,H00174
206,H00174
207,H00174
208,H00174
209,H00174
210,H00174
301,H00174
302,H00174
303,H00174
304,H00174
305,H00174
306,H00174
307,H00174
308,H00174
309,H00174
310,H00174
101,H00175
102,H00175
103,H00175
104,H00175
105,H00175
106,H00175
107,H00175
108,H00175
109,H00175
110,H00175
201,H00175
202,H00175
203,H00175
204,H00175
205,H00175
206,H00175
207,H00175
208,H00175
209,H00175
210,H00175
301,H00175
302,H00175
303,H00175
304,H00175
305,H00175
306,H00175
307,H00175
308,H00175
309,H00175
310,H00175
101,H00176
102,H00176
103,H00176
104,H00176
105,H00176
106,H00176
107,H00176
108,H00176
109,H00176
110,H00176
201,H00176
202,H00176
203,H00176
204,H00176
205,H00176
206,H00176
207,H00176
208,H00176
209,H00176
210,H00176
301,H00176
302,H00176
303,H00176
304,H00176
305,H00176
306,H00176
307,H00176
308,H00176
309,H00176
310,H00176
101,H00192
102,H00192
103,H00192
104,H00192
105,H00192
106,H00192
107,H00192
108,H00192
109,H00192
110,H00192
201,H00192
202,H00192
203,H00192
204,H00192
205,H00192
206,H00192
207,H00192
208,H00192
209,H00192
210,H00192
301,H00192
302,H00192
303,H00192
304,H00192
305,H00192
306,H00192
307,H00192
308,H00192
309,H00192
310,H00192
101,H00194
102,H00194
103,H00194
104,H00194
105,H00194
106,H00194
107,H00194
108,H00194
109,H00194
110,H00194
201,H00194
202,H00194
203,H00194
204,H00194
205,H00194
206,H00194
207,H00194
208,H00194
209,H00194
210,H00194
301,H00194
302,H00194
303,H00194
304,H00194
305,H00194
306,H00194
307,H00194
308,H00194
309,H00194
310,H00194
101,H00001
102,H00001
103,H00001
104,H00001
105,H00001
106,H00001
107,H00001
108,H00001
109,H00001
110,H00001
201,H00001
202,H00001
203,H00001
204,H00001
205,H00001
206,H00001
207,H00001
208,H00001
209,H00001
210,H00001
301,H00001
302,H00001
303,H00001
304,H00001
305,H00001
306,H00001
307,H00001
308,H00001
309,H00001
310,H00001
101,H00003
102,H00003
103,H00003
104,H00003
105,H00003
106,H00003
107,H00003
108,H00003
109,H00003
110,H00003
201,H00003
202,H00003
203,H00003
204,H00003
205,H00003
206,H00003
207,H00003
208,H00003
209,H00003
210,H00003
301,H00003
302,H00003
303,H00003
304,H00003
305,H00003
306,H00003
307,H00003
308,H00003
309,H00003
310,H00003
101,H00004
102,H00004
103,H00004
104,H00004
105,H00004
106,H00004
107,H00004
108,H00004
109,H00004
110,H00004
201,H00004
202,H00004
203,H00004
204,H00004
205,H00004
206,H00004
207,H00004
208,H00004
209,H00004
210,H00004
301,H00004
302,H00004
303,H00004
304,H00004
305,H00004
306,H00004
307,H00004
308,H00004
309,H00004
310,H00004
101,H00016
102,H00016
103,H00016
104,H00016
105,H00016
106,H00016
107,H00016
108,H00016
109,H00016
110,H00016
201,H00016
202,H00016
203,H00016
204,H00016
205,H00016
206,H00016
207,H00016
208,H00016
209,H00016
210,H00016
301,H00016
302,H00016
303,H00016
304,H00016
305,H00016
306,H00016
307,H00016
308,H00016
309,H00016
310,H00016
101,H00030
102,H00030
103,H00030
104,H00030
105,H00030
106,H00030
107,H00030
108,H00030
109,H00030
110,H00030
201,H00030
202,H00030
203,H00030
204,H00030
205,H00030
206,H00030
207,H00030
208,H00030
209,H00030
210,H00030
301,H00030
302,H00030
303,H00030
304,H00030
305,H00030
306,H00030
307,H00030
308,H00030
309,H00030
310,H00030
101,H00033
102,H00033
103,H00033
104,H00033
105,H00033
106,H00033
107,H00033
108,H00033
109,H00033
110,H00033
201,H00033
202,H00033
203,H00033
204,H00033
205,H00033
206,H00033
207,H00033
208,H00033
209,H00033
210,H00033
301,H00033
302,H00033
303,H00033
304,H00033
305,H00033
306,H00033
307,H00033
308,H00033
309,H00033
310,H00033
101,H00046
102,H00046
103,H00046
104,H00046
105,H00046
106,H00046
107,H00046
108,H00046
109,H00046
110,H00046
201,H00046
202,H00046
203,H00046
204,H00046
205,H00046
206,H00046
207,H00046
208,H00046
209,H00046
210,H00046
301,H00046
302,H00046
303,H00046
304,H00046
305,H00046
306,H00046
307,H00046
308,H00046
309,H00046
310,H00046
101,H00201
102,H00201
103,H00201
104,H00201
105,H00201
106,H00201
107,H00201
108,H00201
109,H00201
110,H00201
201,H00201
202,H00201
203,H00201
204,H00201
205,H00201
206,H00201
207,H00201
208,H00201
209,H00201
210,H00201
301,H00201
302,H00201
303,H00201
304,H00201
305,H00201
306,H00201
307,H00201
308,H00201
309,H00201
310,H00201
101,H00011
102,H00011
103,H00011
104,H00011
105,H00011
106,H00011
107,H00011
108,H00011
109,H00011
110,H00011
201,H00011
202,H00011
203,H00011
204,H00011
205,H00011
206,H00011
207,H00011
208,H00011
209,H00011
210,H00011
301,H00011
302,H00011
303,H00011
304,H00011
305,H00011
306,H00011
307,H00011
308,H00011
309,H00011
310,H00011
101,H00022
102,H00022
103,H00022
104,H00022
105,H00022
106,H00022
107,H00022
108,H00022
109,H00022
110,H00022
201,H00022
202,H00022
203,H00022
204,H00022
205,H00022
206,H00022
207,H00022
208,H00022
209,H00022
210,H00022
301,H00022
302,H00022
303,H00022
304,H00022
305,H00022
306,H00022
307,H00022
308,H00022
309,H00022
310,H00022
101,H00028
102,H00028
103,H00028
104,H00028
105,H00028
106,H00028
107,H00028
108,H00028
109,H00028
110,H00028
201,H00028
202,H00028
203,H00028
204,H00028
205,H00028
206,H00028
207,H00028
208,H00028
209,H00028
210,H00028
301,H00028
302,H00028
303,H00028
304,H00028
305,H00028
306,H00028
307,H00028
308,H00028
309,H00028
310,H00028
101,H00029
102,H00029
103,H00029
104,H00029
105,H00029
106,H00029
107,H00029
108,H00029
109,H00029
110,H00029
201,H00029
202,H00029
203,H00029
204,H00029
205,H00029
206,H00029
207,H00029
208,H00029
209,H00029
210,H00029
301,H00029
302,H00029
303,H00029
304,H00029
305,H00029
306,H00029
307,H00029
308,H00029
309,H00029
310,H00029
101,H00041
102,H00041
103,H00041
104,H00041
105,H00041
106,H00041
107,H00041
108,H00041
109,H00041
110,H00041
201,H00041
202,H00041
203,H00041
204,H00041
205,H00041
206,H00041
207,H00041
208,H00041
209,H00041
210,H00041
301,H00041
302,H00041
303,H00041
304,H00041
305,H00041
306,H00041
307,H00041
308,H00041
309,H00041
310,H00041
101,H00243
102,H00243
103,H00243
104,H00243
105,H00243
106,H00243
107,H00243
108,H00243
109,H00243
110,H00243
201,H00243
202,H00243
203,H00243
204,H00243
205,H00243
206,H00243
207,H00243
208,H00243
209,H00243
210,H00243
301,H00243
302,H00243
303,H00243
304,H00243
305,H00243
306,H00243
307,H00243
308,H00243
309,H00243
310,H00243
101,H00245
102,H00245
103,H00245
104,H00245
105,H00245
106,H00245
107,H00245
108,H00245
109,H00245
110,H00245
201,H00245
202,H00245
203,H00245
204,H00245
205,H00245
206,H00245
207,H00245
208,H00245
209,H00245
210,H00245
301,H00245
302,H00245
303,H00245
304,H00245
305,H00245
306,H00245
307,H00245
308,H00245
309,H00245
310,H00245
101,H00246
102,H00246
103,H00246
104,H00246
105,H00246
106,H00246
107,H00246
108,H00246
109,H00246
110,H00246
201,H00246
202,H00246
203,H00246
204,H00246
205,H00246
206,H00246
207,H00246
208,H00246
209,H00246
210,H00246
301,H00246
302,H00246
303,H00246
304,H00246
305,H00246
306,H00246
307,H00246
308,H00246
309,H00246
310,H00246
101,H00247
102,H00247
103,H00247
104,H00247
105,H00247
106,H00247
107,H00247
108,H00247
109,H00247
110,H00247
201,H00247
202,H00247
203,H00247
204,H00247
205,H00247
206,H00247
207,H00247
208,H00247
209,H00247
210,H00247
301,H00247
302,H00247
303,H00247
304,H00247
305,H00247
306,H00247
307,H00247
308,H00247
309,H00247
310,H00247
101,H00249
102,H00249
103,H00249
104,H00249
105,H00249
106,H00249
107,H00249
108,H00249
109,H00249
110,H00249
201,H00249
202,H00249
203,H00249
204,H00249
205,H00249
206,H00249
207,H00249
208,H00249
209,H00249
210,H00249
301,H00249
302,H00249
303,H00249
304,H00249
305,H00249
306,H00249
307,H00249
308,H00249
309,H00249
310,H00249
101,H00252
102,H00252
103,H00252
104,H00252
105,H00252
106,H00252
107,H00252
108,H00252
109,H00252
110,H00252
201,H00252
202,H00252
203,H00252
204,H00252
205,H00252
206,H00252
207,H00252
208,H00252
209,H00252
210,H00252
301,H00252
302,H00252
303,H00252
304,H00252
305,H00252
306,H00252
307,H00252
308,H00252
309,H00252
310,H00252
101,H00111
102,H00111
103,H00111
104,H00111
105,H00111
106,H00111
107,H00111
108,H00111
109,H00111
110,H00111
201,H00111
202,H00111
203,H00111
204,H00111
205,H00111
206,H00111
207,H00111
208,H00111
209,H00111
210,H00111
301,H00111
302,H00111
303,H00111
304,H00111
305,H00111
306,H00111
307,H00111
308,H00111
309,H00111
310,H00111
101,H00112
102,H00112
103,H00112
104,H00112
105,H00112
106,H00112
107,H00112
108,H00112
109,H00112
110,H00112
201,H00112
202,H00112
203,H00112
204,H00112
205,H00112
206,H00112
207,H00112
208,H00112
209,H00112
210,H00112
301,H00112
302,H00112
303,H00112
304,H00112
305,H00112
306,H00112
307,H00112
308,H00112
309,H00112
310,H00112
101,H00113
102,H00113
103,H00113
104,H00113
105,H00113
106,H00113
107,H00113
108,H00113
109,H00113
110,H00113
201,H00113
202,H00113
203,H00113
204,H00113
205,H00113
206,H00113
207,H00113
208,H00113
209,H00113
210,H00113
301,H00113
302,H00113
303,H00113
304,H00113
305,H00113
306,H00113
307,H00113
308,H00113
309,H00113
310,H00113
101,H00114
102,H00114
103,H00114
104,H00114
105,H00114
106,H00114
107,H00114
108,H00114
109,H00114
110,H00114
201,H00114
202,H00114
203,H00114
204,H00114
205,H00114
206,H00114
207,H00114
208,H00114
209,H00114
210,H00114
301,H00114
302,H00114
303,H00114
304,H00114
305,H00114
306,H00114
307,H00114
308,H00114
309,H00114
310,H00114
101,H00115
102,H00115
103,H00115
104,H00115
105,H00115
106,H00115
107,H00115
108,H00115
109,H00115
110,H00115
201,H00115
202,H00115
203,H00115
204,H00115
205,H00115
206,H00115
207,H00115
208,H00115
209,H00115
210,H00115
301,H00115
302,H00115
303,H00115
304,H00115
305,H00115
306,H00115
307,H00115
308,H00115
309,H00115
310,H00115
101,H00116
102,H00116
103,H00116
104,H00116
105,H00116
106,H00116
107,H00116
108,H00116
109,H00116
110,H00116
201,H00116
202,H00116
203,H00116
204,H00116
205,H00116
206,H00116
207,H00116
208,H00116
209,H00116
210,H00116
301,H00116
302,H00116
303,H00116
304,H00116
305,H00116
306,H00116
307,H00116
308,H00116
309,H00116
310,H00116
101,H00117
102,H00117
103,H00117
104,H00117
105,H00117
106,H00117
107,H00117
108,H00117
109,H00117
110,H00117
201,H00117
202,H00117
203,H00117
204,H00117
205,H00117
206,H00117
207,H00117
208,H00117
209,H00117
210,H00117
301,H00117
302,H00117
303,H00117
304,H00117
305,H00117
306,H00117
307,H00117
308,H00117
309,H00117
310,H00117
101,H00118
102,H00118
103,H00118
104,H00118
105,H00118
106,H00118
107,H00118
108,H00118
109,H00118
110,H00118
201,H00118
202,H00118
203,H00118
204,H00118
205,H00118
206,H00118
207,H00118
208,H00118
209,H00118
210,H00118
301,H00118
302,H00118
303,H00118
304,H00118
305,H00118
306,H00118
307,H00118
308,H00118
309,H00118
310,H00118
101,H00119
102,H00119
103,H00119
104,H00119
105,H00119
106,H00119
107,H00119
108,H00119
109,H00119
110,H00119
201,H00119
202,H00119
203,H00119
204,H00119
205,H00119
206,H00119
207,H00119
208,H00119
209,H00119
210,H00119
301,H00119
302,H00119
303,H00119
304,H00119
305,H00119
306,H00119
307,H00119
308,H00119
309,H00119
310,H00119
101,H00120
102,H00120
103,H00120
104,H00120
105,H00120
106,H00120
107,H00120
108,H00120
109,H00120
110,H00120
201,H00120
202,H00120
203,H00120
204,H00120
205,H00120
206,H00120
207,H00120
208,H00120
209,H00120
210,H00120
301,H00120
302,H00120
303,H00120
304,H00120
305,H00120
306,H00120
307,H00120
308,H00120
309,H00120
310,H00120
101,H00121
102,H00121
103,H00121
104,H00121
105,H00121
106,H00121
107,H00121
108,H00121
109,H00121
110,H00121
201,H00121
202,H00121
203,H00121
204,H00121
205,H00121
206,H00121
207,H00121
208,H00121
209,H00121
210,H00121
301,H00121
302,H00121
303,H00121
304,H00121
305,H00121
306,H00121
307,H00121
308,H00121
309,H00121
310,H00121
101,H00032
102,H00032
103,H00032
104,H00032
105,H00032
106,H00032
107,H00032
108,H00032
109,H00032
110,H00032
201,H00032
202,H00032
203,H00032
204,H00032
205,H00032
206,H00032
207,H00032
208,H00032
209,H00032
210,H00032
301,H00032
302,H00032
303,H00032
304,H00032
305,H00032
306,H00032
307,H00032
308,H00032
309,H00032
310,H00032
101,H00043
102,H00043
103,H00043
104,H00043
105,H00043
106,H00043
107,H00043
108,H00043
109,H00043
110,H00043
201,H00043
202,H00043
203,H00043
204,H00043
205,H00043
206,H00043
207,H00043
208,H00043
209,H00043
210,H00043
301,H00043
302,H00043
303,H00043
304,H00043
305,H00043
306,H00043
307,H00043
308,H00043
309,H00043
310,H00043
101,H00048
102,H00048
103,H00048
104,H00048
105,H00048
106,H00048
107,H00048
108,H00048
109,H00048
110,H00048
201,H00048
202,H00048
203,H00048
204,H00048
205,H00048
206,H00048
207,H00048
208,H00048
209,H00048
210,H00048
301,H00048
302,H00048
303,H00048
304,H00048
305,H00048
306,H00048
307,H00048
308,H00048
309,H00048
310,H00048
101,H00049
102,H00049
103,H00049
104,H00049
105,H00049
106,H00049
107,H00049
108,H00049
109,H00049
110,H00049
201,H00049
202,H00049
203,H00049
204,H00049
205,H00049
206,H00049
207,H00049
208,H00049
209,H00049
210,H00049
301,H00049
302,H00049
303,H00049
304,H00049
305,H00049
306,H00049
307,H00049
308,H00049
309,H00049
310,H00049
101,H00068
102,H00068
103,H00068
104,H00068
105,H00068
106,H00068
107,H00068
108,H00068
109,H00068
110,H00068
201,H00068
202,H00068
203,H00068
204,H00068
205,H00068
206,H00068
207,H00068
208,H00068
209,H00068
210,H00068
301,H00068
302,H00068
303,H00068
304,H00068
305,H00068
306,H00068
307,H00068
308,H00068
309,H00068
310,H00068
101,H00213
102,H00213
103,H00213
104,H00213
105,H00213
106,H00213
107,H00213
108,H00213
109,H00213
110,H00213
201,H00213
202,H00213
203,H00213
204,H00213
205,H00213
206,H00213
207,H00213
208,H00213
209,H00213
210,H00213
301,H00213
302,H00213
303,H00213
304,H00213
305,H00213
306,H00213
307,H00213
308,H00213
309,H00213
310,H00213
101,H00216
102,H00216
103,H00216
104,H00216
105,H00216
106,H00216
107,H00216
108,H00216
109,H00216
110,H00216
201,H00216
202,H00216
203,H00216
204,H00216
205,H00216
206,H00216
207,H00216
208,H00216
209,H00216
210,H00216
301,H00216
302,H00216
303,H00216
304,H00216
305,H00216
306,H00216
307,H00216
308,H00216
309,H00216
310,H00216
101,H00226
102,H00226
103,H00226
104,H00226
105,H00226
106,H00226
107,H00226
108,H00226
109,H00226
110,H00226
201,H00226
202,H00226
203,H00226
204,H00226
205,H00226
206,H00226
207,H00226
208,H00226
209,H00226
210,H00226
301,H00226
302,H00226
303,H00226
304,H00226
305,H00226
306,H00226
307,H00226
308,H00226
309,H00226
310,H00226
101,H00228
102,H00228
103,H00228
104,H00228
105,H00228
106,H00228
107,H00228
108,H00228
109,H00228
110,H00228
201,H00228
202,H00228
203,H00228
204,H00228
205,H00228
206,H00228
207,H00228
208,H00228
209,H00228
210,H00228
301,H00228
302,H00228
303,H00228
304,H00228
305,H00228
306,H00228
307,H00228
308,H00228
309,H00228
310,H00228
101,H00191
102,H00191
103,H00191
104,H00191
105,H00191
106,H00191
107,H00191
108,H00191
109,H00191
110,H00191
201,H00191
202,H00191
203,H00191
204,H00191
205,H00191
206,H00191
207,H00191
208,H00191
209,H00191
210,H00191
301,H00191
302,H00191
303,H00191
304,H00191
305,H00191
306,H00191
307,H00191
308,H00191
309,H00191
310,H00191
101,H00193
102,H00193
103,H00193
104,H00193
105,H00193
106,H00193
107,H00193
108,H00193
109,H00193
110,H00193
201,H00193
202,H00193
203,H00193
204,H00193
205,H00193
206,H00193
207,H00193
208,H00193
209,H00193
210,H00193
301,H00193
302,H00193
303,H00193
304,H00193
305,H00193
306,H00193
307,H00193
308,H00193
309,H00193
310,H00193
101,H00195
102,H00195
103,H00195
104,H00195
105,H00195
106,H00195
107,H00195
108,H00195
109,H00195
110,H00195
201,H00195
202,H00195
203,H00195
204,H00195
205,H00195
206,H00195
207,H00195
208,H00195
209,H00195
210,H00195
301,H00195
302,H00195
303,H00195
304,H00195
305,H00195
306,H00195
307,H00195
308,H00195
309,H00195
310,H00195
101,H00196
102,H00196
103,H00196
104,H00196
105,H00196
106,H00196
107,H00196
108,H00196
109,H00196
110,H00196
201,H00196
202,H00196
203,H00196
204,H00196
205,H00196
206,H00196
207,H00196
208,H00196
209,H00196
210,H00196
301,H00196
302,H00196
303,H00196
304,H00196
305,H00196
306,H00196
307,H00196
308,H00196
309,H00196
310,H00196
101,H00197
102,H00197
103,H00197
104,H00197
105,H00197
106,H00197
107,H00197
108,H00197
109,H00197
110,H00197
201,H00197
202,H00197
203,H00197
204,H00197
205,H00197
206,H00197
207,H00197
208,H00197
209,H00197
210,H00197
301,H00197
302,H00197
303,H00197
304,H00197
305,H00197
306,H00197
307,H00197
308,H00197
309,H00197
310,H00197
101,H00200
102,H00200
103,H00200
104,H00200
105,H00200
106,H00200
107,H00200
108,H00200
109,H00200
110,H00200
201,H00200
202,H00200
203,H00200
204,H00200
205,H00200
206,H00200
207,H00200
208,H00200
209,H00200
210,H00200
301,H00200
302,H00200
303,H00200
304,H00200
305,H00200
306,H00200
307,H00200
308,H00200
309,H00200
310,H00200
101,H00244
102,H00244
103,H00244
104,H00244
105,H00244
106,H00244
107,H00244
108,H00244
109,H00244
110,H00244
201,H00244
202,H00244
203,H00244
204,H00244
205,H00244
206,H00244
207,H00244
208,H00244
209,H00244
210,H00244
301,H00244
302,H00244
303,H00244
304,H00244
305,H00244
306,H00244
307,H00244
308,H00244
309,H00244
310,H00244
101,H00248
102,H00248
103,H00248
104,H00248
105,H00248
106,H00248
107,H00248
108,H00248
109,H00248
110,H00248
201,H00248
202,H00248
203,H00248
204,H00248
205,H00248
206,H00248
207,H00248
208,H00248
209,H00248
210,H00248
301,H00248
302,H00248
303,H00248
304,H00248
305,H00248
306,H00248
307,H00248
308,H00248
309,H00248
310,H00248
101,H00015
102,H00015
103,H00015
104,H00015
105,H00015
106,H00015
107,H00015
108,H00015
109,H00015
110,H00015
201,H00015
202,H00015
203,H00015
204,H00015
205,H00015
206,H00015
207,H00015
208,H00015
209,H00015
210,H00015
301,H00015
302,H00015
303,H00015
304,H00015
305,H00015
306,H00015
307,H00015
308,H00015
309,H00015
310,H00015
101,H00042
102,H00042
103,H00042
104,H00042
105,H00042
106,H00042
107,H00042
108,H00042
109,H00042
110,H00042
201,H00042
202,H00042
203,H00042
204,H00042
205,H00042
206,H00042
207,H00042
208,H00042
209,H00042
210,H00042
301,H00042
302,H00042
303,H00042
304,H00042
305,H00042
306,H00042
307,H00042
308,H00042
309,H00042
310,H00042
101,H00044
102,H00044
103,H00044
104,H00044
105,H00044
106,H00044
107,H00044
108,H00044
109,H00044
110,H00044
201,H00044
202,H00044
203,H00044
204,H00044
205,H00044
206,H00044
207,H00044
208,H00044
209,H00044
210,H00044
301,H00044
302,H00044
303,H00044
304,H00044
305,H00044
306,H00044
307,H00044
308,H00044
309,H00044
310,H00044
101,H00045
102,H00045
103,H00045
104,H00045
105,H00045
106,H00045
107,H00045
108,H00045
109,H00045
110,H00045
201,H00045
202,H00045
203,H00045
204,H00045
205,H00045
206,H00045
207,H00045
208,H00045
209,H00045
210,H00045
301,H00045
302,H00045
303,H00045
304,H00045
305,H00045
306,H00045
307,H00045
308,H00045
309,H00045
310,H00045
101,H00047
102,H00047
103,H00047
104,H00047
105,H00047
106,H00047
107,H00047
108,H00047
109,H00047
110,H00047
201,H00047
202,H00047
203,H00047
204,H00047
205,H00047
206,H00047
207,H00047
208,H00047
209,H00047
210,H00047
301,H00047
302,H00047
303,H00047
304,H00047
305,H00047
306,H00047
307,H00047
308,H00047
309,H00047
310,H00047
101,H00061
102,H00061
103,H00061
104,H00061
105,H00061
106,H00061
107,H00061
108,H00061
109,H00061
110,H00061
201,H00061
202,H00061
203,H00061
204,H00061
205,H00061
206,H00061
207,H00061
208,H00061
209,H00061
210,H00061
301,H00061
302,H00061
303,H00061
304,H00061
305,H00061
306,H00061
307,H00061
308,H00061
309,H00061
310,H00061
101,H00062
102,H00062
103,H00062
104,H00062
105,H00062
106,H00062
107,H00062
108,H00062
109,H00062
110,H00062
201,H00062
202,H00062
203,H00062
204,H00062
205,H00062
206,H00062
207,H00062
208,H00062
209,H00062
210,H00062
301,H00062
302,H00062
303,H00062
304,H00062
305,H00062
306,H00062
307,H00062
308,H00062
309,H00062
310,H00062
101,H00064
102,H00064
103,H00064
104,H00064
105,H00064
106,H00064
107,H00064
108,H00064
109,H00064
110,H00064
201,H00064
202,H00064
203,H00064
204,H00064
205,H00064
206,H00064
207,H00064
208,H00064
209,H00064
210,H00064
301,H00064
302,H00064
303,H00064
304,H00064
305,H00064
306,H00064
307,H00064
308,H00064
309,H00064
310,H00064
101,H00065
102,H00065
103,H00065
104,H00065
105,H00065
106,H00065
107,H00065
108,H00065
109,H00065
110,H00065
201,H00065
202,H00065
203,H00065
204,H00065
205,H00065
206,H00065
207,H00065
208,H00065
209,H00065
210,H00065
301,H00065
302,H00065
303,H00065
304,H00065
305,H00065
306,H00065
307,H00065
308,H00065
309,H00065
310,H00065
101,H00066
102,H00066
103,H00066
104,H00066
105,H00066
106,H00066
107,H00066
108,H00066
109,H00066
110,H00066
201,H00066
202,H00066
203,H00066
204,H00066
205,H00066
206,H00066
207,H00066
208,H00066
209,H00066
210,H00066
301,H00066
302,H00066
303,H00066
304,H00066
305,H00066
306,H00066
307,H00066
308,H00066
309,H00066
310,H00066
101,H00067
102,H00067
103,H00067
104,H00067
105,H00067
106,H00067
107,H00067
108,H00067
109,H00067
110,H00067
201,H00067
202,H00067
203,H00067
204,H00067
205,H00067
206,H00067
207,H00067
208,H00067
209,H00067
210,H00067
301,H00067
302,H00067
303,H00067
304,H00067
305,H00067
306,H00067
307,H00067
308,H00067
309,H00067
310,H00067
101,H00069
102,H00069
103,H00069
104,H00069
105,H00069
106,H00069
107,H00069
108,H00069
109,H00069
110,H00069
201,H00069
202,H00069
203,H00069
204,H00069
205,H00069
206,H00069
207,H00069
208,H00069
209,H00069
210,H00069
301,H00069
302,H00069
303,H00069
304,H00069
305,H00069
306,H00069
307,H00069
308,H00069
309,H00069
310,H00069
101,H00071
102,H00071
103,H00071
104,H00071
105,H00071
106,H00071
107,H00071
108,H00071
109,H00071
110,H00071
201,H00071
202,H00071
203,H00071
204,H00071
205,H00071
206,H00071
207,H00071
208,H00071
209,H00071
210,H00071
301,H00071
302,H00071
303,H00071
304,H00071
305,H00071
306,H00071
307,H00071
308,H00071
309,H00071
310,H00071
101,H00072
102,H00072
103,H00072
104,H00072
105,H00072
106,H00072
107,H00072
108,H00072
109,H00072
110,H00072
201,H00072
202,H00072
203,H00072
204,H00072
205,H00072
206,H00072
207,H00072
208,H00072
209,H00072
210,H00072
301,H00072
302,H00072
303,H00072
304,H00072
305,H00072
306,H00072
307,H00072
308,H00072
309,H00072
310,H00072
101,H00074
102,H00074
103,H00074
104,H00074
105,H00074
106,H00074
107,H00074
108,H00074
109,H00074
110,H00074
201,H00074
202,H00074
203,H00074
204,H00074
205,H00074
206,H00074
207,H00074
208,H00074
209,H00074
210,H00074
301,H00074
302,H00074
303,H00074
304,H00074
305,H00074
306,H00074
307,H00074
308,H00074
309,H00074
310,H00074
101,H00215
102,H00215
103,H00215
104,H00215
105,H00215
106,H00215
107,H00215
108,H00215
109,H00215
110,H00215
201,H00215
202,H00215
203,H00215
204,H00215
205,H00215
206,H00215
207,H00215
208,H00215
209,H00215
210,H00215
301,H00215
302,H00215
303,H00215
304,H00215
305,H00215
306,H00215
307,H00215
308,H00215
309,H00215
310,H00215
101,H00217
102,H00217
103,H00217
104,H00217
105,H00217
106,H00217
107,H00217
108,H00217
109,H00217
110,H00217
201,H00217
202,H00217
203,H00217
204,H00217
205,H00217
206,H00217
207,H00217
208,H00217
209,H00217
210,H00217
301,H00217
302,H00217
303,H00217
304,H00217
305,H00217
306,H00217
307,H00217
308,H00217
309,H00217
310,H00217
101,H00908
102,H00908
103,H00908
104,H00908
105,H00908
106,H00908
107,H00908
108,H00908
109,H00908
110,H00908
201,H00908
202,H00908
203,H00908
204,H00908
205,H00908
206,H00908
207,H00908
208,H00908
209,H00908
210,H00908
301,H00908
302,H00908
303,H00908
304,H00908
305,H00908
306,H00908
307,H00908
308,H00908
309,H00908
310,H00908
101,H00218
102,H00218
103,H00218
104,H00218
105,H00218
106,H00218
107,H00218
108,H00218
109,H00218
110,H00218
201,H00218
202,H00218
203,H00218
204,H00218
205,H00218
206,H00218
207,H00218
208,H00218
209,H00218
210,H00218
301,H00218
302,H00218
303,H00218
304,H00218
305,H00218
306,H00218
307,H00218
308,H00218
309,H00218
310,H00218
101,H00219
102,H00219
103,H00219
104,H00219
105,H00219
106,H00219
107,H00219
108,H00219
109,H00219
110,H00219
201,H00219
202,H00219
203,H00219
204,H00219
205,H00219
206,H00219
207,H00219
208,H00219
209,H00219
210,H00219
301,H00219
302,H00219
303,H00219
304,H00219
305,H00219
306,H00219
307,H00219
308,H00219
309,H00219
310,H00219
101,H00917
102,H00917
103,H00917
104,H00917
105,H00917
106,H00917
107,H00917
108,H00917
109,H00917
110,H00917
201,H00917
202,H00917
203,H00917
204,H00917
205,H00917
206,H00917
207,H00917
208,H00917
209,H00917
210,H00917
301,H00917
302,H00917
303,H00917
304,H00917
305,H00917
306,H00917
307,H00917
308,H00917
309,H00917
310,H00917
101,H00920
102,H00920
103,H00920
104,H00920
105,H00920
106,H00920
107,H00920
108,H00920
109,H00920
110,H00920
201,H00920
202,H00920
203,H00920
204,H00920
205,H00920
206,H00920
207,H00920
208,H00920
209,H00920
210,H00920
301,H00920
302,H00920
303,H00920
304,H00920
305,H00920
306,H00920
307,H00920
308,H00920
309,H00920
310,H00920
101,H00225
102,H00225
103,H00225
104,H00225
105,H00225
106,H00225
107,H00225
108,H00225
109,H00225
110,H00225
201,H00225
202,H00225
203,H00225
204,H00225
205,H00225
206,H00225
207,H00225
208,H00225
209,H00225
210,H00225
301,H00225
302,H00225
303,H00225
304,H00225
305,H00225
306,H00225
307,H00225
308,H00225
309,H00225
310,H00225
101,H00924
102,H00924
103,H00924
104,H00924
105,H00924
106,H00924
107,H00924
108,H00924
109,H00924
110,H00924
201,H00924
202,H00924
203,H00924
204,H00924
205,H00924
206,H00924
207,H00924
208,H00924
209,H00924
210,H00924
301,H00924
302,H00924
303,H00924
304,H00924
305,H00924
306,H00924
307,H00924
308,H00924
309,H00924
310,H00924
101,H00229
102,H00229
103,H00229
104,H00229
105,H00229
106,H00229
107,H00229
108,H00229
109,H00229
110,H00229
201,H00229
202,H00229
203,H00229
204,H00229
205,H00229
206,H00229
207,H00229
208,H00229
209,H00229
210,H00229
301,H00229
302,H00229
303,H00229
304,H00229
305,H00229
306,H00229
307,H00229
308,H00229
309,H00229
310,H00229
101,H00905
102,H00905
103,H00905
104,H00905
105,H00905
106,H00905
107,H00905
108,H00905
109,H00905
110,H00905
201,H00905
202,H00905
203,H00905
204,H00905
205,H00905
206,H00905
207,H00905
208,H00905
209,H00905
210,H00905
301,H00905
302,H00905
303,H00905
304,H00905
305,H00905
306,H00905
307,H00905
308,H00905
309,H00905
310,H00905
101,H00910
102,H00910
103,H00910
104,H00910
105,H00910
106,H00910
107,H00910
108,H00910
109,H00910
110,H00910
201,H00910
202,H00910
203,H00910
204,H00910
205,H00910
206,H00910
207,H00910
208,H00910
209,H00910
210,H00910
301,H00910
302,H00910
303,H00910
304,H00910
305,H00910
306,H00910
307,H00910
308,H00910
309,H00910
310,H00910
101,H00940
102,H00940
103,H00940
104,H00940
105,H00940
106,H00940
107,H00940
108,H00940
109,H00940
110,H00940
201,H00940
202,H00940
203,H00940
204,H00940
205,H00940
206,H00940
207,H00940
208,H00940
209,H00940
210,H00940
301,H00940
302,H00940
303,H00940
304,H00940
305,H00940
306,H00940
307,H00940
308,H00940
309,H00940
310,H00940
101,H00151
102,H00151
103,H00151
104,H00151
105,H00151
106,H00151
107,H00151
108,H00151
109,H00151
110,H00151
201,H00151
202,H00151
203,H00151
204,H00151
205,H00151
206,H00151
207,H00151
208,H00151
209,H00151
210,H00151
301,H00151
302,H00151
303,H00151
304,H00151
305,H00151
306,H00151
307,H00151
308,H00151
309,H00151
310,H00151
101,H00938
102,H00938
103,H00938
104,H00938
105,H00938
106,H00938
107,H00938
108,H00938
109,H00938
110,H00938
201,H00938
202,H00938
203,H00938
204,H00938
205,H00938
206,H00938
207,H00938
208,H00938
209,H00938
210,H00938
301,H00938
302,H00938
303,H00938
304,H00938
305,H00938
306,H00938
307,H00938
308,H00938
309,H00938
310,H00938
101,H00913
102,H00913
103,H00913
104,H00913
105,H00913
106,H00913
107,H00913
108,H00913
109,H00913
110,H00913
201,H00913
202,H00913
203,H00913
204,H00913
205,H00913
206,H00913
207,H00913
208,H00913
209,H00913
210,H00913
301,H00913
302,H00913
303,H00913
304,H00913
305,H00913
306,H00913
307,H00913
308,H00913
309,H00913
310,H00913
101,H00154
102,H00154
103,H00154
104,H00154
105,H00154
106,H00154
107,H00154
108,H00154
109,H00154
110,H00154
201,H00154
202,H00154
203,H00154
204,H00154
205,H00154
206,H00154
207,H00154
208,H00154
209,H00154
210,H00154
301,H00154
302,H00154
303,H00154
304,H00154
305,H00154
306,H00154
307,H00154
308,H00154
309,H00154
310,H00154
101,H00160
102,H00160
103,H00160
104,H00160
105,H00160
106,H00160
107,H00160
108,H00160
109,H00160
110,H00160
201,H00160
202,H00160
203,H00160
204,H00160
205,H00160
206,H00160
207,H00160
208,H00160
209,H00160
210,H00160
301,H00160
302,H00160
303,H00160
304,H00160
305,H00160
306,H00160
307,H00160
308,H00160
309,H00160
310,H00160
101,H00155
102,H00155
103,H00155
104,H00155
105,H00155
106,H00155
107,H00155
108,H00155
109,H00155
110,H00155
201,H00155
202,H00155
203,H00155
204,H00155
205,H00155
206,H00155
207,H00155
208,H00155
209,H00155
210,H00155
301,H00155
302,H00155
303,H00155
304,H00155
305,H00155
306,H00155
307,H00155
308,H00155
309,H00155
310,H00155
101,H00157
102,H00157
103,H00157
104,H00157
105,H00157
106,H00157
107,H00157
108,H00157
109,H00157
110,H00157
201,H00157
202,H00157
203,H00157
204,H00157
205,H00157
206,H00157
207,H00157
208,H00157
209,H00157
210,H00157
301,H00157
302,H00157
303,H00157
304,H00157
305,H00157
306,H00157
307,H00157
308,H00157
309,H00157
310,H00157
101,H00158
102,H00158
103,H00158
104,H00158
105,H00158
106,H00158
107,H00158
108,H00158
109,H00158
110,H00158
201,H00158
202,H00158
203,H00158
204,H00158
205,H00158
206,H00158
207,H00158
208,H00158
209,H00158
210,H00158
301,H00158
302,H00158
303,H00158
304,H00158
305,H00158
306,H00158
307,H00158
308,H00158
309,H00158
310,H00158
101,H00162
102,H00162
103,H00162
104,H00162
105,H00162
106,H00162
107,H00162
108,H00162
109,H00162
110,H00162
201,H00162
202,H00162
203,H00162
204,H00162
205,H00162
206,H00162
207,H00162
208,H00162
209,H00162
210,H00162
301,H00162
302,H00162
303,H00162
304,H00162
305,H00162
306,H00162
307,H00162
308,H00162
309,H00162
310,H00162
101,H00161
102,H00161
103,H00161
104,H00161
105,H00161
106,H00161
107,H00161
108,H00161
109,H00161
110,H00161
201,H00161
202,H00161
203,H00161
204,H00161
205,H00161
206,H00161
207,H00161
208,H00161
209,H00161
210,H00161
301,H00161
302,H00161
303,H00161
304,H00161
305,H00161
306,H00161
307,H00161
308,H00161
309,H00161
310,H00161
101,H00912
102,H00912
103,H00912
104,H00912
105,H00912
106,H00912
107,H00912
108,H00912
109,H00912
110,H00912
201,H00912
202,H00912
203,H00912
204,H00912
205,H00912
206,H00912
207,H00912
208,H00912
209,H00912
210,H00912
301,H00912
302,H00912
303,H00912
304,H00912
305,H00912
306,H00912
307,H00912
308,H00912
309,H00912
310,H00912
101,H00919
102,H00919
103,H00919
104,H00919
105,H00919
106,H00919
107,H00919
108,H00919
109,H00919
110,H00919
201,H00919
202,H00919
203,H00919
204,H00919
205,H00919
206,H00919
207,H00919
208,H00919
209,H00919
210,H00919
301,H00919
302,H00919
303,H00919
304,H00919
305,H00919
306,H00919
307,H00919
308,H00919
309,H00919
310,H00919
101,H00935
102,H00935
103,H00935
104,H00935
105,H00935
106,H00935
107,H00935
108,H00935
109,H00935
110,H00935
201,H00935
202,H00935
203,H00935
204,H00935
205,H00935
206,H00935
207,H00935
208,H00935
209,H00935
210,H00935
301,H00935
302,H00935
303,H00935
304,H00935
305,H00935
306,H00935
307,H00935
308,H00935
309,H00935
310,H00935
101,H00106
102,H00106
103,H00106
104,H00106
105,H00106
106,H00106
107,H00106
108,H00106
109,H00106
110,H00106
201,H00106
202,H00106
203,H00106
204,H00106
205,H00106
206,H00106
207,H00106
208,H00106
209,H00106
210,H00106
301,H00106
302,H00106
303,H00106
304,H00106
305,H00106
306,H00106
307,H00106
308,H00106
309,H00106
310,H00106
101,H00025
102,H00025
103,H00025
104,H00025
105,H00025
106,H00025
107,H00025
108,H00025
109,H00025
110,H00025
201,H00025
202,H00025
203,H00025
204,H00025
205,H00025
206,H00025
207,H00025
208,H00025
209,H00025
210,H00025
301,H00025
302,H00025
303,H00025
304,H00025
305,H00025
306,H00025
307,H00025
308,H00025
309,H00025
310,H00025
101,H00241
102,H00241
103,H00241
104,H00241
105,H00241
106,H00241
107,H00241
108,H00241
109,H00241
110,H00241
201,H00241
202,H00241
203,H00241
204,H00241
205,H00241
206,H00241
207,H00241
208,H00241
209,H00241
210,H00241
301,H00241
302,H00241
303,H00241
304,H00241
305,H00241
306,H00241
307,H00241
308,H00241
309,H00241
310,H00241
101,H00242
102,H00242
103,H00242
104,H00242
105,H00242
106,H00242
107,H00242
108,H00242
109,H00242
110,H00242
201,H00242
202,H00242
203,H00242
204,H00242
205,H00242
206,H00242
207,H00242
208,H00242
209,H00242
210,H00242
301,H00242
302,H00242
303,H00242
304,H00242
305,H00242
306,H00242
307,H00242
308,H00242
309,H00242
310,H00242
101,H00251
102,H00251
103,H00251
104,H00251
105,H00251
106,H00251
107,H00251
108,H00251
109,H00251
110,H00251
201,H00251
202,H00251
203,H00251
204,H00251
205,H00251
206,H00251
207,H00251
208,H00251
209,H00251
210,H00251
301,H00251
302,H00251
303,H00251
304,H00251
305,H00251
306,H00251
307,H00251
308,H00251
309,H00251
310,H00251
101,H00250
102,H00250
103,H00250
104,H00250
105,H00250
106,H00250
107,H00250
108,H00250
109,H00250
110,H00250
201,H00250
202,H00250
203,H00250
204,H00250
205,H00250
206,H00250
207,H00250
208,H00250
209,H00250
210,H00250
301,H00250
302,H00250
303,H00250
304,H00250
305,H00250
306,H00250
307,H00250
308,H00250
309,H00250
310,H00250
101,H00901
102,H00901
103,H00901
104,H00901
105,H00901
106,H00901
107,H00901
108,H00901
109,H00901
110,H00901
201,H00901
202,H00901
203,H00901
204,H00901
205,H00901
206,H00901
207,H00901
208,H00901
209,H00901
210,H00901
301,H00901
302,H00901
303,H00901
304,H00901
305,H00901
306,H00901
307,H00901
308,H00901
309,H00901
310,H00901
101,H00921
102,H00921
103,H00921
104,H00921
105,H00921
106,H00921
107,H00921
108,H00921
109,H00921
110,H00921
201,H00921
202,H00921
203,H00921
204,H00921
205,H00921
206,H00921
207,H00921
208,H00921
209,H00921
210,H00921
301,H00921
302,H00921
303,H00921
304,H00921
305,H00921
306,H00921
307,H00921
308,H00921
309,H00921
310,H00921
101,H00122
102,H00122
103,H00122
104,H00122
105,H00122
106,H00122
107,H00122
108,H00122
109,H00122
110,H00122
201,H00122
202,H00122
203,H00122
204,H00122
205,H00122
206,H00122
207,H00122
208,H00122
209,H00122
210,H00122
301,H00122
302,H00122
303,H00122
304,H00122
305,H00122
306,H00122
307,H00122
308,H00122
309,H00122
310,H00122
101,H00123
102,H00123
103,H00123
104,H00123
105,H00123
106,H00123
107,H00123
108,H00123
109,H00123
110,H00123
201,H00123
202,H00123
203,H00123
204,H00123
205,H00123
206,H00123
207,H00123
208,H00123
209,H00123
210,H00123
301,H00123
302,H00123
303,H00123
304,H00123
305,H00123
306,H00123
307,H00123
308,H00123
309,H00123
310,H00123
101,H00230
102,H00230
103,H00230
104,H00230
105,H00230
106,H00230
107,H00230
108,H00230
109,H00230
110,H00230
201,H00230
202,H00230
203,H00230
204,H00230
205,H00230
206,H00230
207,H00230
208,H00230
209,H00230
210,H00230
301,H00230
302,H00230
303,H00230
304,H00230
305,H00230
306,H00230
307,H00230
308,H00230
309,H00230
310,H00230
101,H00942
102,H00942
103,H00942
104,H00942
105,H00942
106,H00942
107,H00942
108,H00942
109,H00942
110,H00942
201,H00942
202,H00942
203,H00942
204,H00942
205,H00942
206,H00942
207,H00942
208,H00942
209,H00942
210,H00942
301,H00942
302,H00942
303,H00942
304,H00942
305,H00942
306,H00942
307,H00942
308,H00942
309,H00942
310,H00942
101,H00967
102,H00967
103,H00967
104,H00967
105,H00967
106,H00967
107,H00967
108,H00967
109,H00967
110,H00967
201,H00967
202,H00967
203,H00967
204,H00967
205,H00967
206,H00967
207,H00967
208,H00967
209,H00967
210,H00967
301,H00967
302,H00967
303,H00967
304,H00967
305,H00967
306,H00967
307,H00967
308,H00967
309,H00967
310,H00967
101,H00943
102,H00943
103,H00943
104,H00943
105,H00943
106,H00943
107,H00943
108,H00943
109,H00943
110,H00943
201,H00943
202,H00943
203,H00943
204,H00943
205,H00943
206,H00943
207,H00943
208,H00943
209,H00943
210,H00943
301,H00943
302,H00943
303,H00943
304,H00943
305,H00943
306,H00943
307,H00943
308,H00943
309,H00943
310,H00943
101,H00946
102,H00946
103,H00946
104,H00946
105,H00946
106,H00946
107,H00946
108,H00946
109,H00946
110,H00946
201,H00946
202,H00946
203,H00946
204,H00946
205,H00946
206,H00946
207,H00946
208,H00946
209,H00946
210,H00946
301,H00946
302,H00946
303,H00946
304,H00946
305,H00946
306,H00946
307,H00946
308,H00946
309,H00946
310,H00946
101,H00255
102,H00255
103,H00255
104,H00255
105,H00255
106,H00255
107,H00255
108,H00255
109,H00255
110,H00255
201,H00255
202,H00255
203,H00255
204,H00255
205,H00255
206,H00255
207,H00255
208,H00255
209,H00255
210,H00255
301,H00255
302,H00255
303,H00255
304,H00255
305,H00255
306,H00255
307,H00255
308,H00255
309,H00255
310,H00255
101,H00944
102,H00944
103,H00944
104,H00944
105,H00944
106,H00944
107,H00944
108,H00944
109,H00944
110,H00944
201,H00944
202,H00944
203,H00944
204,H00944
205,H00944
206,H00944
207,H00944
208,H00944
209,H00944
210,H00944
301,H00944
302,H00944
303,H00944
304,H00944
305,H00944
306,H00944
307,H00944
308,H00944
309,H00944
310,H00944
101,H00945
102,H00945
103,H00945
104,H00945
105,H00945
106,H00945
107,H00945
108,H00945
109,H00945
110,H00945
201,H00945
202,H00945
203,H00945
204,H00945
205,H00945
206,H00945
207,H00945
208,H00945
209,H00945
210,H00945
301,H00945
302,H00945
303,H00945
304,H00945
305,H00945
306,H00945
307,H00945
308,H00945
309,H00945
310,H00945
101,H00231
102,H00231
103,H00231
104,H00231
105,H00231
106,H00231
107,H00231
108,H00231
109,H00231
110,H00231
201,H00231
202,H00231
203,H00231
204,H00231
205,H00231
206,H00231
207,H00231
208,H00231
209,H00231
210,H00231
301,H00231
302,H00231
303,H00231
304,H00231
305,H00231
306,H00231
307,H00231
308,H00231
309,H00231
310,H00231
101,H80062
102,H80062
103,H80062
104,H80062
105,H80062
106,H80062
107,H80062
108,H80062
109,H80062
110,H80062
201,H80062
202,H80062
203,H80062
204,H80062
205,H80062
206,H80062
207,H80062
208,H80062
209,H80062
210,H80062
301,H80062
302,H80062
303,H80062
304,H80062
305,H80062
306,H80062
307,H80062
308,H80062
309,H80062
310,H80062
101,H00957
102,H00957
103,H00957
104,H00957
105,H00957
106,H00957
107,H00957
108,H00957
109,H00957
110,H00957
201,H00957
202,H00957
203,H00957
204,H00957
205,H00957
206,H00957
207,H00957
208,H00957
209,H00957
210,H00957
301,H00957
302,H00957
303,H00957
304,H00957
305,H00957
306,H00957
307,H00957
308,H00957
309,H00957
310,H00957
101,H00253
102,H00253
103,H00253
104,H00253
105,H00253
106,H00253
107,H00253
108,H00253
109,H00253
110,H00253
201,H00253
202,H00253
203,H00253
204,H00253
205,H00253
206,H00253
207,H00253
208,H00253
209,H00253
210,H00253
301,H00253
302,H00253
303,H00253
304,H00253
305,H00253
306,H00253
307,H00253
308,H00253
309,H00253
310,H00253
101,H00961
102,H00961
103,H00961
104,H00961
105,H00961
106,H00961
107,H00961
108,H00961
109,H00961
110,H00961
201,H00961
202,H00961
203,H00961
204,H00961
205,H00961
206,H00961
207,H00961
208,H00961
209,H00961
210,H00961
301,H00961
302,H00961
303,H00961
304,H00961
305,H00961
306,H00961
307,H00961
308,H00961
309,H00961
310,H00961
101,H00915
102,H00915
103,H00915
104,H00915
105,H00915
106,H00915
107,H00915
108,H00915
109,H00915
110,H00915
201,H00915
202,H00915
203,H00915
204,H00915
205,H00915
206,H00915
207,H00915
208,H00915
209,H00915
210,H00915
301,H00915
302,H00915
303,H00915
304,H00915
305,H00915
306,H00915
307,H00915
308,H00915
309,H00915
310,H00915
101,H00233
102,H00233
103,H00233
104,H00233
105,H00233
106,H00233
107,H00233
108,H00233
109,H00233
110,H00233
201,H00233
202,H00233
203,H00233
204,H00233
205,H00233
206,H00233
207,H00233
208,H00233
209,H00233
210,H00233
301,H00233
302,H00233
303,H00233
304,H00233
305,H00233
306,H00233
307,H00233
308,H00233
309,H00233
310,H00233
101,H00947
102,H00947
103,H00947
104,H00947
105,H00947
106,H00947
107,H00947
108,H00947
109,H00947
110,H00947
201,H00947
202,H00947
203,H00947
204,H00947
205,H00947
206,H00947
207,H00947
208,H00947
209,H00947
210,H00947
301,H00947
302,H00947
303,H00947
304,H00947
305,H00947
306,H00947
307,H00947
308,H00947
309,H00947
310,H00947
101,H00928
102,H00928
103,H00928
104,H00928
105,H00928
106,H00928
107,H00928
108,H00928
109,H00928
110,H00928
201,H00928
202,H00928
203,H00928
204,H00928
205,H00928
206,H00928
207,H00928
208,H00928
209,H00928
210,H00928
301,H00928
302,H00928
303,H00928
304,H00928
305,H00928
306,H00928
307,H00928
308,H00928
309,H00928
310,H00928
101,H00965
102,H00965
103,H00965
104,H00965
105,H00965
106,H00965
107,H00965
108,H00965
109,H00965
110,H00965
201,H00965
202,H00965
203,H00965
204,H00965
205,H00965
206,H00965
207,H00965
208,H00965
209,H00965
210,H00965
301,H00965
302,H00965
303,H00965
304,H00965
305,H00965
306,H00965
307,H00965
308,H00965
309,H00965
310,H00965
101,H00948
102,H00948
103,H00948
104,H00948
105,H00948
106,H00948
107,H00948
108,H00948
109,H00948
110,H00948
201,H00948
202,H00948
203,H00948
204,H00948
205,H00948
206,H00948
207,H00948
208,H00948
209,H00948
210,H00948
301,H00948
302,H00948
303,H00948
304,H00948
305,H00948
306,H00948
307,H00948
308,H00948
309,H00948
310,H00948
101,H00958
102,H00958
103,H00958
104,H00958
105,H00958
106,H00958
107,H00958
108,H00958
109,H00958
110,H00958
201,H00958
202,H00958
203,H00958
204,H00958
205,H00958
206,H00958
207,H00958
208,H00958
209,H00958
210,H00958
301,H00958
302,H00958
303,H00958
304,H00958
305,H00958
306,H00958
307,H00958
308,H00958
309,H00958
310,H00958
101,H00254
102,H00254
103,H00254
104,H00254
105,H00254
106,H00254
107,H00254
108,H00254
109,H00254
110,H00254
201,H00254
202,H00254
203,H00254
204,H00254
205,H00254
206,H00254
207,H00254
208,H00254
209,H00254
210,H00254
301,H00254
302,H00254
303,H00254
304,H00254
305,H00254
306,H00254
307,H00254
308,H00254
309,H00254
310,H00254
101,H00949
102,H00949
103,H00949
104,H00949
105,H00949
106,H00949
107,H00949
108,H00949
109,H00949
110,H00949
201,H00949
202,H00949
203,H00949
204,H00949
205,H00949
206,H00949
207,H00949
208,H00949
209,H00949
210,H00949
301,H00949
302,H00949
303,H00949
304,H00949
305,H00949
306,H00949
307,H00949
308,H00949
309,H00949
310,H00949
101,H00960
102,H00960
103,H00960
104,H00960
105,H00960
106,H00960
107,H00960
108,H00960
109,H00960
110,H00960
201,H00960
202,H00960
203,H00960
204,H00960
205,H00960
206,H00960
207,H00960
208,H00960
209,H00960
210,H00960
301,H00960
302,H00960
303,H00960
304,H00960
305,H00960
306,H00960
307,H00960
308,H00960
309,H00960
310,H00960
101,H00950
102,H00950
103,H00950
104,H00950
105,H00950
106,H00950
107,H00950
108,H00950
109,H00950
110,H00950
201,H00950
202,H00950
203,H00950
204,H00950
205,H00950
206,H00950
207,H00950
208,H00950
209,H00950
210,H00950
301,H00950
302,H00950
303,H00950
304,H00950
305,H00950
306,H00950
307,H00950
308,H00950
309,H00950
310,H00950
101,H00951
102,H00951
103,H00951
104,H00951
105,H00951
106,H00951
107,H00951
108,H00951
109,H00951
110,H00951
201,H00951
202,H00951
203,H00951
204,H00951
205,H00951
206,H00951
207,H00951
208,H00951
209,H00951
210,H00951
301,H00951
302,H00951
303,H00951
304,H00951
305,H00951
306,H00951
307,H00951
308,H00951
309,H00951
310,H00951
101,H00966
102,H00966
103,H00966
104,H00966
105,H00966
106,H00966
107,H00966
108,H00966
109,H00966
110,H00966
201,H00966
202,H00966
203,H00966
204,H00966
205,H00966
206,H00966
207,H00966
208,H00966
209,H00966
210,H00966
301,H00966
302,H00966
303,H00966
304,H00966
305,H00966
306,H00966
307,H00966
308,H00966
309,H00966
310,H00966
101,H00962
102,H00962
103,H00962
104,H00962
105,H00962
106,H00962
107,H00962
108,H00962
109,H00962
110,H00962
201,H00962
202,H00962
203,H00962
204,H00962
205,H00962
206,H00962
207,H00962
208,H00962
209,H00962
210,H00962
301,H00962
302,H00962
303,H00962
304,H00962
305,H00962
306,H00962
307,H00962
308,H00962
309,H00962
310,H00962
101,H00952
102,H00952
103,H00952
104,H00952
105,H00952
106,H00952
107,H00952
108,H00952
109,H00952
110,H00952
201,H00952
202,H00952
203,H00952
204,H00952
205,H00952
206,H00952
207,H00952
208,H00952
209,H00952
210,H00952
301,H00952
302,H00952
303,H00952
304,H00952
305,H00952
306,H00952
307,H00952
308,H00952
309,H00952
310,H00952
101,H00232
102,H00232
103,H00232
104,H00232
105,H00232
106,H00232
107,H00232
108,H00232
109,H00232
110,H00232
201,H00232
202,H00232
203,H00232
204,H00232
205,H00232
206,H00232
207,H00232
208,H00232
209,H00232
210,H00232
301,H00232
302,H00232
303,H00232
304,H00232
305,H00232
306,H00232
307,H00232
308,H00232
309,H00232
310,H00232
101,H00953
102,H00953
103,H00953
104,H00953
105,H00953
106,H00953
107,H00953
108,H00953
109,H00953
110,H00953
201,H00953
202,H00953
203,H00953
204,H00953
205,H00953
206,H00953
207,H00953
208,H00953
209,H00953
210,H00953
301,H00953
302,H00953
303,H00953
304,H00953
305,H00953
306,H00953
307,H00953
308,H00953
309,H00953
310,H00953
101,H00954
102,H00954
103,H00954
104,H00954
105,H00954
106,H00954
107,H00954
108,H00954
109,H00954
110,H00954
201,H00954
202,H00954
203,H00954
204,H00954
205,H00954
206,H00954
207,H00954
208,H00954
209,H00954
210,H00954
301,H00954
302,H00954
303,H00954
304,H00954
305,H00954
306,H00954
307,H00954
308,H00954
309,H00954
310,H00954
101,H00916
102,H00916
103,H00916
104,H00916
105,H00916
106,H00916
107,H00916
108,H00916
109,H00916
110,H00916
201,H00916
202,H00916
203,H00916
204,H00916
205,H00916
206,H00916
207,H00916
208,H00916
209,H00916
210,H00916
301,H00916
302,H00916
303,H00916
304,H00916
305,H00916
306,H00916
307,H00916
308,H00916
309,H00916
310,H00916
101,H00073
102,H00073
103,H00073
104,H00073
105,H00073
106,H00073
107,H00073
108,H00073
109,H00073
110,H00073
201,H00073
202,H00073
203,H00073
204,H00073
205,H00073
206,H00073
207,H00073
208,H00073
209,H00073
210,H00073
301,H00073
302,H00073
303,H00073
304,H00073
305,H00073
306,H00073
307,H00073
308,H00073
309,H00073
310,H00073
101,H00969
102,H00969
103,H00969
104,H00969
105,H00969
106,H00969
107,H00969
108,H00969
109,H00969
110,H00969
201,H00969
202,H00969
203,H00969
204,H00969
205,H00969
206,H00969
207,H00969
208,H00969
209,H00969
210,H00969
301,H00969
302,H00969
303,H00969
304,H00969
305,H00969
306,H00969
307,H00969
308,H00969
309,H00969
310,H00969
101,H90034
102,H90034
103,H90034
104,H90034
105,H90034
106,H90034
107,H90034
108,H90034
109,H90034
110,H90034
201,H90034
202,H90034
203,H90034
204,H90034
205,H90034
206,H90034
207,H90034
208,H90034
209,H90034
210,H90034
301,H90034
302,H90034
303,H90034
304,H90034
305,H90034
306,H90034
307,H90034
308,H90034
309,H90034
310,H90034
